country,iso_code,year,vaccine,coverage_pct
Africa,OWID_AFR,2000,DTP3,55.335575
Africa,OWID_AFR,2001,DTP3,56.13366
Africa,OWID_AFR,2002,DTP3,57.02247
Africa,OWID_AFR,2003,DTP3,59.627296
Africa,OWID_AFR,2004,DTP3,62.330452
Africa,OWID_AFR,2005,DTP3,65.32099
Africa,OWID_AFR,2006,DTP3,67.22611
Africa,OWID_AFR,2007,DTP3,68.78828
Africa,OWID_AFR,2008,DTP3,71.47963
Africa,OWID_AFR,2009,DTP3,74.41143
Africa,OWID_AFR,2010,DTP3,73.46544
Africa,OWID_AFR,2011,DTP3,74.61256
Africa,OWID_AFR,2012,DTP3,71.64807
Africa,OWID_AFR,2013,DTP3,71.82764
Africa,OWID_AFR,2014,DTP3,73.628334
Africa,OWID_AFR,2015,DTP3,73.12444
Africa,OWID_AFR,2016,DTP3,75.71784
Africa,OWID_AFR,2017,DTP3,76.02699
Africa,OWID_AFR,2018,DTP3,77.16107
Africa,OWID_AFR,2019,DTP3,78.15703
Africa,OWID_AFR,2020,DTP3,75.5616
Africa,OWID_AFR,2021,DTP3,74.67615
Africa,OWID_AFR,2022,DTP3,74.54658
Africa,OWID_AFR,2023,DTP3,75.83329
Africa,OWID_AFR,2024,DTP3,
Africa,OWID_AFR,2000,HepB3,12.694634
Africa,OWID_AFR,2001,HepB3,14.137585
Africa,OWID_AFR,2002,HepB3,29.480455
Africa,OWID_AFR,2003,HepB3,32.59442
Africa,OWID_AFR,2004,HepB3,38.011642
Africa,OWID_AFR,2005,HepB3,44.71034
Africa,OWID_AFR,2006,HepB3,49.655983
Africa,OWID_AFR,2007,HepB3,64.58655
Africa,OWID_AFR,2008,HepB3,68.04139
Africa,OWID_AFR,2009,HepB3,72.78368
Africa,OWID_AFR,2010,HepB3,70.83765
Africa,OWID_AFR,2011,HepB3,72.04215
Africa,OWID_AFR,2012,HepB3,71.554855
Africa,OWID_AFR,2013,HepB3,71.58746
Africa,OWID_AFR,2014,HepB3,73.04553
Africa,OWID_AFR,2015,HepB3,73.05498
Africa,OWID_AFR,2016,HepB3,75.65001
Africa,OWID_AFR,2017,HepB3,75.95633
Africa,OWID_AFR,2018,HepB3,77.12315
Africa,OWID_AFR,2019,HepB3,78.157326
Africa,OWID_AFR,2020,HepB3,75.54516
Africa,OWID_AFR,2021,HepB3,74.663315
Africa,OWID_AFR,2022,HepB3,74.54658
Africa,OWID_AFR,2023,HepB3,75.87646
Africa,OWID_AFR,2024,HepB3,
Africa,OWID_AFR,2000,MCV1,54.72067
Africa,OWID_AFR,2001,MCV1,56.288155
Africa,OWID_AFR,2002,MCV1,57.418213
Africa,OWID_AFR,2003,MCV1,59.886723
Africa,OWID_AFR,2004,MCV1,62.025993
Africa,OWID_AFR,2005,MCV1,63.863575
Africa,OWID_AFR,2006,MCV1,66.37255
Africa,OWID_AFR,2007,MCV1,67.29736
Africa,OWID_AFR,2008,MCV1,69.403336
Africa,OWID_AFR,2009,MCV1,73.46289
Africa,OWID_AFR,2010,MCV1,73.391235
Africa,OWID_AFR,2011,MCV1,73.64224
Africa,OWID_AFR,2012,MCV1,72.30815
Africa,OWID_AFR,2013,MCV1,71.619995
Africa,OWID_AFR,2014,MCV1,71.328094
Africa,OWID_AFR,2015,MCV1,70.985695
Africa,OWID_AFR,2016,MCV1,71.4517
Africa,OWID_AFR,2017,MCV1,72.509415
Africa,OWID_AFR,2018,MCV1,72.629005
Africa,OWID_AFR,2019,MCV1,73.30112
Africa,OWID_AFR,2020,MCV1,71.99081
Africa,OWID_AFR,2021,MCV1,70.49194
Africa,OWID_AFR,2022,MCV1,69.95921
Africa,OWID_AFR,2023,MCV1,70.96246
Africa,OWID_AFR,2024,MCV1,
Africa,OWID_AFR,2000,Polio3,56.550716
Africa,OWID_AFR,2001,Polio3,58.199753
Africa,OWID_AFR,2002,Polio3,61.47698
Africa,OWID_AFR,2003,Polio3,63.543938
Africa,OWID_AFR,2004,Polio3,64.98652
Africa,OWID_AFR,2005,Polio3,67.4109
Africa,OWID_AFR,2006,Polio3,68.45577
Africa,OWID_AFR,2007,Polio3,71.50162
Africa,OWID_AFR,2008,Polio3,73.24793
Africa,OWID_AFR,2009,Polio3,75.333496
Africa,OWID_AFR,2010,Polio3,73.83157
Africa,OWID_AFR,2011,Polio3,72.82288
Africa,OWID_AFR,2012,Polio3,72.68205
Africa,OWID_AFR,2013,Polio3,72.19465
Africa,OWID_AFR,2014,Polio3,73.281166
Africa,OWID_AFR,2015,Polio3,73.53381
Africa,OWID_AFR,2016,Polio3,74.910385
Africa,OWID_AFR,2017,Polio3,75.37468
Africa,OWID_AFR,2018,Polio3,76.40605
Africa,OWID_AFR,2019,Polio3,77.713554
Africa,OWID_AFR,2020,Polio3,74.1423
Africa,OWID_AFR,2021,Polio3,72.9164
Africa,OWID_AFR,2022,Polio3,72.956436
Africa,OWID_AFR,2023,Polio3,76.03051
Africa,OWID_AFR,2024,Polio3,
Asia,OWID_ASI,2000,DTP3,71.955734
Asia,OWID_ASI,2001,DTP3,73.00984
Asia,OWID_ASI,2002,DTP3,72.07619
Asia,OWID_ASI,2003,DTP3,73.72502
Asia,OWID_ASI,2004,DTP3,76.073204
Asia,OWID_ASI,2005,DTP3,76.34098
Asia,OWID_ASI,2006,DTP3,77.660706
Asia,OWID_ASI,2007,DTP3,77.16274
Asia,OWID_ASI,2008,DTP3,80.77692
Asia,OWID_ASI,2009,DTP3,83.04901
Asia,OWID_ASI,2010,DTP3,84.75719
Asia,OWID_ASI,2011,DTP3,86.69858
Asia,OWID_ASI,2012,DTP3,86.76489
Asia,OWID_ASI,2013,DTP3,86.627464
Asia,OWID_ASI,2014,DTP3,88.11025
Asia,OWID_ASI,2015,DTP3,88.65347
Asia,OWID_ASI,2016,DTP3,89.47677
Asia,OWID_ASI,2017,DTP3,89.945595
Asia,OWID_ASI,2018,DTP3,90.364426
Asia,OWID_ASI,2019,DTP3,91.13414
Asia,OWID_ASI,2020,DTP3,87.368744
Asia,OWID_ASI,2021,DTP3,85.43384
Asia,OWID_ASI,2022,DTP3,91.16684
Asia,OWID_ASI,2023,DTP3,88.782524
Asia,OWID_ASI,2024,DTP3,
Asia,OWID_ASI,2000,HepB3,26.24336
Asia,OWID_ASI,2001,HepB3,28.308256
Asia,OWID_ASI,2002,HepB3,30.043104
Asia,OWID_ASI,2003,HepB3,37.933586
Asia,OWID_ASI,2004,HepB3,42.86063
Asia,OWID_ASI,2005,HepB3,48.053226
Asia,OWID_ASI,2006,HepB3,52.437073
Asia,OWID_ASI,2007,HepB3,54.760193
Asia,OWID_ASI,2008,HepB3,64.780045
Asia,OWID_ASI,2009,HepB3,69.15434
Asia,OWID_ASI,2010,HepB3,69.51628
Asia,OWID_ASI,2011,HepB3,71.99574
Asia,OWID_ASI,2012,HepB3,80.824455
Asia,OWID_ASI,2013,HepB3,80.073044
Asia,OWID_ASI,2014,HepB3,84.15654
Asia,OWID_ASI,2015,HepB3,87.306
Asia,OWID_ASI,2016,HepB3,88.20975
Asia,OWID_ASI,2017,HepB3,88.62663
Asia,OWID_ASI,2018,HepB3,89.09986
Asia,OWID_ASI,2019,HepB3,91.06675
Asia,OWID_ASI,2020,HepB3,87.30169
Asia,OWID_ASI,2021,HepB3,85.32624
Asia,OWID_ASI,2022,HepB3,91.05626
Asia,OWID_ASI,2023,HepB3,88.67597
Asia,OWID_ASI,2024,HepB3,
Asia,OWID_ASI,2000,MCV1,70.86882
Asia,OWID_ASI,2001,MCV1,71.857834
Asia,OWID_ASI,2002,MCV1,70.892525
Asia,OWID_ASI,2003,MCV1,72.64676
Asia,OWID_ASI,2004,MCV1,75.37893
Asia,OWID_ASI,2005,MCV1,77.25862
Asia,OWID_ASI,2006,MCV1,78.96736
Asia,OWID_ASI,2007,MCV1,79.39646
Asia,OWID_ASI,2008,MCV1,81.29346
Asia,OWID_ASI,2009,MCV1,84.06166
Asia,OWID_ASI,2010,MCV1,85.56701
Asia,OWID_ASI,2011,MCV1,86.73629
Asia,OWID_ASI,2012,MCV1,86.13617
Asia,OWID_ASI,2013,MCV1,87.10153
Asia,OWID_ASI,2014,MCV1,87.973175
Asia,OWID_ASI,2015,MCV1,89.07358
Asia,OWID_ASI,2016,MCV1,89.80111
Asia,OWID_ASI,2017,MCV1,90.482544
Asia,OWID_ASI,2018,MCV1,91.79996
Asia,OWID_ASI,2019,MCV1,92.1312
Asia,OWID_ASI,2020,MCV1,89.190605
Asia,OWID_ASI,2021,MCV1,87.02089
Asia,OWID_ASI,2022,MCV1,91.1721
Asia,OWID_ASI,2023,MCV1,89.16954
Asia,OWID_ASI,2024,MCV1,
Asia,OWID_ASI,2000,Polio3,72.27705
Asia,OWID_ASI,2001,Polio3,72.83504
Asia,OWID_ASI,2002,Polio3,72.77976
Asia,OWID_ASI,2003,Polio3,73.3439
Asia,OWID_ASI,2004,Polio3,74.254814
Asia,OWID_ASI,2005,Polio3,77.128525
Asia,OWID_ASI,2006,Polio3,78.640175
Asia,OWID_ASI,2007,Polio3,78.977165
Asia,OWID_ASI,2008,Polio3,81.31973
Asia,OWID_ASI,2009,Polio3,83.26628
Asia,OWID_ASI,2010,Polio3,83.90395
Asia,OWID_ASI,2011,Polio3,85.671074
Asia,OWID_ASI,2012,Polio3,85.84221
Asia,OWID_ASI,2013,Polio3,87.08824
Asia,OWID_ASI,2014,Polio3,88.17108
Asia,OWID_ASI,2015,Polio3,88.66954
Asia,OWID_ASI,2016,Polio3,88.889565
Asia,OWID_ASI,2017,Polio3,90.088905
Asia,OWID_ASI,2018,Polio3,90.24884
Asia,OWID_ASI,2019,Polio3,90.89924
Asia,OWID_ASI,2020,Polio3,87.268265
Asia,OWID_ASI,2021,Polio3,85.02861
Asia,OWID_ASI,2022,Polio3,90.21514
Asia,OWID_ASI,2023,Polio3,87.96001
Asia,OWID_ASI,2024,Polio3,
Brazil,BRA,2000,DTP3,98.0
Brazil,BRA,2001,DTP3,98.0
Brazil,BRA,2002,DTP3,99.0
Brazil,BRA,2003,DTP3,99.0
Brazil,BRA,2004,DTP3,99.0
Brazil,BRA,2005,DTP3,99.0
Brazil,BRA,2006,DTP3,99.0
Brazil,BRA,2007,DTP3,99.0
Brazil,BRA,2008,DTP3,99.0
Brazil,BRA,2009,DTP3,99.0
Brazil,BRA,2010,DTP3,99.0
Brazil,BRA,2011,DTP3,99.0
Brazil,BRA,2012,DTP3,95.0
Brazil,BRA,2013,DTP3,97.0
Brazil,BRA,2014,DTP3,93.0
Brazil,BRA,2015,DTP3,96.0
Brazil,BRA,2016,DTP3,89.0
Brazil,BRA,2017,DTP3,83.0
Brazil,BRA,2018,DTP3,87.0
Brazil,BRA,2019,DTP3,70.0
Brazil,BRA,2020,DTP3,77.0
Brazil,BRA,2021,DTP3,68.0
Brazil,BRA,2022,DTP3,77.0
Brazil,BRA,2023,DTP3,90.0
Brazil,BRA,2024,DTP3,91.0
Brazil,BRA,2000,HepB3,94.0
Brazil,BRA,2001,HepB3,91.0
Brazil,BRA,2002,HepB3,92.0
Brazil,BRA,2003,HepB3,97.0
Brazil,BRA,2004,HepB3,96.0
Brazil,BRA,2005,HepB3,98.0
Brazil,BRA,2006,HepB3,99.0
Brazil,BRA,2007,HepB3,99.0
Brazil,BRA,2008,HepB3,96.0
Brazil,BRA,2009,HepB3,99.0
Brazil,BRA,2010,HepB3,96.0
Brazil,BRA,2011,HepB3,98.0
Brazil,BRA,2012,HepB3,96.0
Brazil,BRA,2013,HepB3,96.0
Brazil,BRA,2014,HepB3,96.0
Brazil,BRA,2015,HepB3,96.0
Brazil,BRA,2016,HepB3,89.0
Brazil,BRA,2017,HepB3,82.0
Brazil,BRA,2018,HepB3,87.0
Brazil,BRA,2019,HepB3,72.0
Brazil,BRA,2020,HepB3,77.0
Brazil,BRA,2021,HepB3,68.0
Brazil,BRA,2022,HepB3,77.0
Brazil,BRA,2023,HepB3,90.0
Brazil,BRA,2024,HepB3,90.0
Brazil,BRA,2000,MCV1,99.0
Brazil,BRA,2001,MCV1,99.0
Brazil,BRA,2002,MCV1,96.0
Brazil,BRA,2003,MCV1,97.0
Brazil,BRA,2004,MCV1,97.0
Brazil,BRA,2005,MCV1,98.0
Brazil,BRA,2006,MCV1,99.0
Brazil,BRA,2007,MCV1,99.0
Brazil,BRA,2008,MCV1,99.0
Brazil,BRA,2009,MCV1,99.0
Brazil,BRA,2010,MCV1,99.0
Brazil,BRA,2011,MCV1,99.0
Brazil,BRA,2012,MCV1,99.0
Brazil,BRA,2013,MCV1,98.0
Brazil,BRA,2014,MCV1,97.0
Brazil,BRA,2015,MCV1,96.0
Brazil,BRA,2016,MCV1,95.0
Brazil,BRA,2017,MCV1,87.0
Brazil,BRA,2018,MCV1,92.0
Brazil,BRA,2019,MCV1,91.0
Brazil,BRA,2020,MCV1,79.0
Brazil,BRA,2021,MCV1,73.0
Brazil,BRA,2022,MCV1,81.0
Brazil,BRA,2023,MCV1,87.0
Brazil,BRA,2024,MCV1,93.0
Brazil,BRA,2000,Polio3,99.0
Brazil,BRA,2001,Polio3,99.0
Brazil,BRA,2002,Polio3,99.0
Brazil,BRA,2003,Polio3,99.0
Brazil,BRA,2004,Polio3,99.0
Brazil,BRA,2005,Polio3,99.0
Brazil,BRA,2006,Polio3,99.0
Brazil,BRA,2007,Polio3,99.0
Brazil,BRA,2008,Polio3,99.0
Brazil,BRA,2009,Polio3,99.0
Brazil,BRA,2010,Polio3,99.0
Brazil,BRA,2011,Polio3,98.0
Brazil,BRA,2012,Polio3,96.0
Brazil,BRA,2013,Polio3,96.0
Brazil,BRA,2014,Polio3,96.0
Brazil,BRA,2015,Polio3,98.0
Brazil,BRA,2016,Polio3,72.0
Brazil,BRA,2017,Polio3,84.0
Brazil,BRA,2018,Polio3,85.0
Brazil,BRA,2019,Polio3,85.0
Brazil,BRA,2020,Polio3,74.0
Brazil,BRA,2021,Polio3,68.0
Brazil,BRA,2022,Polio3,75.0
Brazil,BRA,2023,Polio3,85.0
Brazil,BRA,2024,Polio3,82.0
China,CHN,2000,DTP3,85.0
China,CHN,2001,DTP3,86.0
China,CHN,2002,DTP3,86.0
China,CHN,2003,DTP3,86.0
China,CHN,2004,DTP3,87.0
China,CHN,2005,DTP3,87.0
China,CHN,2006,DTP3,93.0
China,CHN,2007,DTP3,93.0
China,CHN,2008,DTP3,97.0
China,CHN,2009,DTP3,99.0
China,CHN,2010,DTP3,99.0
China,CHN,2011,DTP3,99.0
China,CHN,2012,DTP3,99.0
China,CHN,2013,DTP3,99.0
China,CHN,2014,DTP3,99.0
China,CHN,2015,DTP3,99.0
China,CHN,2016,DTP3,99.0
China,CHN,2017,DTP3,99.0
China,CHN,2018,DTP3,99.0
China,CHN,2019,DTP3,99.0
China,CHN,2020,DTP3,99.0
China,CHN,2021,DTP3,99.0
China,CHN,2022,DTP3,99.0
China,CHN,2023,DTP3,96.0
China,CHN,2024,DTP3,97.0
China,CHN,2000,HepB3,60.0
China,CHN,2001,HepB3,65.0
China,CHN,2002,HepB3,70.0
China,CHN,2003,HepB3,75.0
China,CHN,2004,HepB3,79.0
China,CHN,2005,HepB3,84.0
China,CHN,2006,HepB3,91.0
China,CHN,2007,HepB3,92.0
China,CHN,2008,HepB3,95.0
China,CHN,2009,HepB3,99.0
China,CHN,2010,HepB3,99.0
China,CHN,2011,HepB3,99.0
China,CHN,2012,HepB3,99.0
China,CHN,2013,HepB3,99.0
China,CHN,2014,HepB3,99.0
China,CHN,2015,HepB3,99.0
China,CHN,2016,HepB3,99.0
China,CHN,2017,HepB3,99.0
China,CHN,2018,HepB3,99.0
China,CHN,2019,HepB3,99.0
China,CHN,2020,HepB3,99.0
China,CHN,2021,HepB3,99.0
China,CHN,2022,HepB3,99.0
China,CHN,2023,HepB3,96.0
China,CHN,2024,HepB3,96.0
China,CHN,2000,MCV1,84.0
China,CHN,2001,MCV1,85.0
China,CHN,2002,MCV1,85.0
China,CHN,2003,MCV1,85.0
China,CHN,2004,MCV1,86.0
China,CHN,2005,MCV1,86.0
China,CHN,2006,MCV1,93.0
China,CHN,2007,MCV1,94.0
China,CHN,2008,MCV1,97.0
China,CHN,2009,MCV1,99.0
China,CHN,2010,MCV1,99.0
China,CHN,2011,MCV1,99.0
China,CHN,2012,MCV1,99.0
China,CHN,2013,MCV1,99.0
China,CHN,2014,MCV1,99.0
China,CHN,2015,MCV1,99.0
China,CHN,2016,MCV1,99.0
China,CHN,2017,MCV1,99.0
China,CHN,2018,MCV1,99.0
China,CHN,2019,MCV1,99.0
China,CHN,2020,MCV1,99.0
China,CHN,2021,MCV1,99.0
China,CHN,2022,MCV1,99.0
China,CHN,2023,MCV1,95.0
China,CHN,2024,MCV1,95.0
China,CHN,2000,Polio3,86.0
China,CHN,2001,Polio3,86.0
China,CHN,2002,Polio3,86.0
China,CHN,2003,Polio3,87.0
China,CHN,2004,Polio3,87.0
China,CHN,2005,Polio3,87.0
China,CHN,2006,Polio3,94.0
China,CHN,2007,Polio3,94.0
China,CHN,2008,Polio3,99.0
China,CHN,2009,Polio3,99.0
China,CHN,2010,Polio3,99.0
China,CHN,2011,Polio3,99.0
China,CHN,2012,Polio3,99.0
China,CHN,2013,Polio3,99.0
China,CHN,2014,Polio3,99.0
China,CHN,2015,Polio3,99.0
China,CHN,2016,Polio3,99.0
China,CHN,2017,Polio3,99.0
China,CHN,2018,Polio3,99.0
China,CHN,2019,Polio3,99.0
China,CHN,2020,Polio3,99.0
China,CHN,2021,Polio3,99.0
China,CHN,2022,Polio3,99.0
China,CHN,2023,Polio3,97.0
China,CHN,2024,Polio3,97.0
Ethiopia,ETH,2000,DTP3,30.0
Ethiopia,ETH,2001,DTP3,32.0
Ethiopia,ETH,2002,DTP3,35.0
Ethiopia,ETH,2003,DTP3,37.0
Ethiopia,ETH,2004,DTP3,39.0
Ethiopia,ETH,2005,DTP3,43.0
Ethiopia,ETH,2006,DTP3,46.0
Ethiopia,ETH,2007,DTP3,50.0
Ethiopia,ETH,2008,DTP3,54.0
Ethiopia,ETH,2009,DTP3,58.0
Ethiopia,ETH,2010,DTP3,61.0
Ethiopia,ETH,2011,DTP3,65.0
Ethiopia,ETH,2012,DTP3,61.0
Ethiopia,ETH,2013,DTP3,59.0
Ethiopia,ETH,2014,DTP3,61.0
Ethiopia,ETH,2015,DTP3,62.0
Ethiopia,ETH,2016,DTP3,64.0
Ethiopia,ETH,2017,DTP3,65.0
Ethiopia,ETH,2018,DTP3,62.0
Ethiopia,ETH,2019,DTP3,61.0
Ethiopia,ETH,2020,DTP3,62.0
Ethiopia,ETH,2021,DTP3,63.0
Ethiopia,ETH,2022,DTP3,63.0
Ethiopia,ETH,2023,DTP3,70.0
Ethiopia,ETH,2024,DTP3,73.0
Ethiopia,ETH,2000,HepB3,
Ethiopia,ETH,2001,HepB3,
Ethiopia,ETH,2002,HepB3,
Ethiopia,ETH,2003,HepB3,
Ethiopia,ETH,2004,HepB3,
Ethiopia,ETH,2005,HepB3,
Ethiopia,ETH,2006,HepB3,
Ethiopia,ETH,2007,HepB3,47.0
Ethiopia,ETH,2008,HepB3,52.0
Ethiopia,ETH,2009,HepB3,56.0
Ethiopia,ETH,2010,HepB3,61.0
Ethiopia,ETH,2011,HepB3,65.0
Ethiopia,ETH,2012,HepB3,62.0
Ethiopia,ETH,2013,HepB3,59.0
Ethiopia,ETH,2014,HepB3,61.0
Ethiopia,ETH,2015,HepB3,62.0
Ethiopia,ETH,2016,HepB3,64.0
Ethiopia,ETH,2017,HepB3,65.0
Ethiopia,ETH,2018,HepB3,62.0
Ethiopia,ETH,2019,HepB3,61.0
Ethiopia,ETH,2020,HepB3,62.0
Ethiopia,ETH,2021,HepB3,63.0
Ethiopia,ETH,2022,HepB3,63.0
Ethiopia,ETH,2023,HepB3,70.0
Ethiopia,ETH,2024,HepB3,73.0
Ethiopia,ETH,2000,MCV1,28.0
Ethiopia,ETH,2001,MCV1,29.0
Ethiopia,ETH,2002,MCV1,32.0
Ethiopia,ETH,2003,MCV1,33.0
Ethiopia,ETH,2004,MCV1,35.0
Ethiopia,ETH,2005,MCV1,40.0
Ethiopia,ETH,2006,MCV1,44.0
Ethiopia,ETH,2007,MCV1,49.0
Ethiopia,ETH,2008,MCV1,54.0
Ethiopia,ETH,2009,MCV1,59.0
Ethiopia,ETH,2010,MCV1,64.0
Ethiopia,ETH,2011,MCV1,68.0
Ethiopia,ETH,2012,MCV1,62.0
Ethiopia,ETH,2013,MCV1,55.0
Ethiopia,ETH,2014,MCV1,54.0
Ethiopia,ETH,2015,MCV1,56.0
Ethiopia,ETH,2016,MCV1,57.0
Ethiopia,ETH,2017,MCV1,59.0
Ethiopia,ETH,2018,MCV1,54.0
Ethiopia,ETH,2019,MCV1,56.0
Ethiopia,ETH,2020,MCV1,57.0
Ethiopia,ETH,2021,MCV1,60.0
Ethiopia,ETH,2022,MCV1,62.0
Ethiopia,ETH,2023,MCV1,68.0
Ethiopia,ETH,2024,MCV1,72.0
Ethiopia,ETH,2000,Polio3,48.0
Ethiopia,ETH,2001,Polio3,51.0
Ethiopia,ETH,2002,Polio3,53.0
Ethiopia,ETH,2003,Polio3,56.0
Ethiopia,ETH,2004,Polio3,58.0
Ethiopia,ETH,2005,Polio3,61.0
Ethiopia,ETH,2006,Polio3,61.0
Ethiopia,ETH,2007,Polio3,63.0
Ethiopia,ETH,2008,Polio3,65.0
Ethiopia,ETH,2009,Polio3,67.0
Ethiopia,ETH,2010,Polio3,68.0
Ethiopia,ETH,2011,Polio3,70.0
Ethiopia,ETH,2012,Polio3,69.0
Ethiopia,ETH,2013,Polio3,68.0
Ethiopia,ETH,2014,Polio3,68.0
Ethiopia,ETH,2015,Polio3,75.0
Ethiopia,ETH,2016,Polio3,67.0
Ethiopia,ETH,2017,Polio3,67.0
Ethiopia,ETH,2018,Polio3,65.0
Ethiopia,ETH,2019,Polio3,64.0
Ethiopia,ETH,2020,Polio3,64.0
Ethiopia,ETH,2021,Polio3,63.0
Ethiopia,ETH,2022,Polio3,59.0
Ethiopia,ETH,2023,Polio3,69.0
Ethiopia,ETH,2024,Polio3,73.0
Europe,OWID_EUR,2000,DTP3,93.65355
Europe,OWID_EUR,2001,DTP3,94.59116
Europe,OWID_EUR,2002,DTP3,94.93218
Europe,OWID_EUR,2003,DTP3,94.71546
Europe,OWID_EUR,2004,DTP3,95.446014
Europe,OWID_EUR,2005,DTP3,95.54562
Europe,OWID_EUR,2006,DTP3,96.13989
Europe,OWID_EUR,2007,DTP3,96.100464
Europe,OWID_EUR,2008,DTP3,95.68077
Europe,OWID_EUR,2009,DTP3,94.38012
Europe,OWID_EUR,2010,DTP3,93.24351
Europe,OWID_EUR,2011,DTP3,93.10296
Europe,OWID_EUR,2012,DTP3,94.882996
Europe,OWID_EUR,2013,DTP3,93.65562
Europe,OWID_EUR,2014,DTP3,90.48741
Europe,OWID_EUR,2015,DTP3,90.71346
Europe,OWID_EUR,2016,DTP3,90.33941
Europe,OWID_EUR,2017,DTP3,91.93416
Europe,OWID_EUR,2018,DTP3,93.081474
Europe,OWID_EUR,2019,DTP3,93.72514
Europe,OWID_EUR,2020,DTP3,93.43497
Europe,OWID_EUR,2021,DTP3,93.228325
Europe,OWID_EUR,2022,DTP3,92.673325
Europe,OWID_EUR,2023,DTP3,92.87597
Europe,OWID_EUR,2024,DTP3,
Europe,OWID_EUR,2000,HepB3,39.311478
Europe,OWID_EUR,2001,HepB3,48.30869
Europe,OWID_EUR,2002,HepB3,59.161324
Europe,OWID_EUR,2003,HepB3,63.123997
Europe,OWID_EUR,2004,HepB3,68.35292
Europe,OWID_EUR,2005,HepB3,69.322685
Europe,OWID_EUR,2006,HepB3,70.29118
Europe,OWID_EUR,2007,HepB3,70.63285
Europe,OWID_EUR,2008,HepB3,70.934525
Europe,OWID_EUR,2009,HepB3,70.49528
Europe,OWID_EUR,2010,HepB3,71.087364
Europe,OWID_EUR,2011,HepB3,71.43566
Europe,OWID_EUR,2012,HepB3,73.293076
Europe,OWID_EUR,2013,HepB3,74.44184
Europe,OWID_EUR,2014,HepB3,74.099464
Europe,OWID_EUR,2015,HepB3,74.61432
Europe,OWID_EUR,2016,HepB3,75.361145
Europe,OWID_EUR,2017,HepB3,77.85678
Europe,OWID_EUR,2018,HepB3,78.66987
Europe,OWID_EUR,2019,HepB3,89.33228
Europe,OWID_EUR,2020,HepB3,89.34545
Europe,OWID_EUR,2021,HepB3,89.08935
Europe,OWID_EUR,2022,HepB3,88.14549
Europe,OWID_EUR,2023,HepB3,88.64505
Europe,OWID_EUR,2024,HepB3,
Europe,OWID_EUR,2000,MCV1,90.37543
Europe,OWID_EUR,2001,MCV1,90.93833
Europe,OWID_EUR,2002,MCV1,91.739044
Europe,OWID_EUR,2003,MCV1,91.987236
Europe,OWID_EUR,2004,MCV1,92.324974
Europe,OWID_EUR,2005,MCV1,92.711266
Europe,OWID_EUR,2006,MCV1,93.54976
Europe,OWID_EUR,2007,MCV1,94.07164
Europe,OWID_EUR,2008,MCV1,93.911514
Europe,OWID_EUR,2009,MCV1,92.57653
Europe,OWID_EUR,2010,MCV1,91.657814
Europe,OWID_EUR,2011,MCV1,92.44026
Europe,OWID_EUR,2012,MCV1,93.643196
Europe,OWID_EUR,2013,MCV1,93.64696
Europe,OWID_EUR,2014,MCV1,91.95558
Europe,OWID_EUR,2015,MCV1,91.77655
Europe,OWID_EUR,2016,MCV1,90.947426
Europe,OWID_EUR,2017,MCV1,93.93374
Europe,OWID_EUR,2018,MCV1,94.367294
Europe,OWID_EUR,2019,MCV1,94.50324
Europe,OWID_EUR,2020,MCV1,93.39696
Europe,OWID_EUR,2021,MCV1,93.608864
Europe,OWID_EUR,2022,MCV1,92.62937
Europe,OWID_EUR,2023,MCV1,93.03078
Europe,OWID_EUR,2024,MCV1,
Europe,OWID_EUR,2000,Polio3,95.05624
Europe,OWID_EUR,2001,Polio3,95.339584
Europe,OWID_EUR,2002,Polio3,95.529564
Europe,OWID_EUR,2003,Polio3,94.860306
Europe,OWID_EUR,2004,Polio3,96.036736
Europe,OWID_EUR,2005,Polio3,95.53678
Europe,OWID_EUR,2006,Polio3,96.153046
Europe,OWID_EUR,2007,Polio3,95.93999
Europe,OWID_EUR,2008,Polio3,95.535805
Europe,OWID_EUR,2009,Polio3,94.39134
Europe,OWID_EUR,2010,Polio3,93.490425
Europe,OWID_EUR,2011,Polio3,93.132965
Europe,OWID_EUR,2012,Polio3,94.52276
Europe,OWID_EUR,2013,Polio3,93.37025
Europe,OWID_EUR,2014,Polio3,91.73986
Europe,OWID_EUR,2015,Polio3,92.09392
Europe,OWID_EUR,2016,Polio3,92.14857
Europe,OWID_EUR,2017,Polio3,91.29976
Europe,OWID_EUR,2018,Polio3,92.57667
Europe,OWID_EUR,2019,Polio3,93.0277
Europe,OWID_EUR,2020,Polio3,93.09497
Europe,OWID_EUR,2021,Polio3,92.698975
Europe,OWID_EUR,2022,Polio3,91.9435
Europe,OWID_EUR,2023,Polio3,92.46777
Europe,OWID_EUR,2024,Polio3,
India,IND,2000,DTP3,58.0
India,IND,2001,DTP3,59.0
India,IND,2002,DTP3,59.0
India,IND,2003,DTP3,61.0
India,IND,2004,DTP3,63.0
India,IND,2005,DTP3,65.0
India,IND,2006,DTP3,65.0
India,IND,2007,DTP3,64.0
India,IND,2008,DTP3,70.0
India,IND,2009,DTP3,74.0
India,IND,2010,DTP3,79.0
India,IND,2011,DTP3,82.0
India,IND,2012,DTP3,82.0
India,IND,2013,DTP3,83.0
India,IND,2014,DTP3,85.0
India,IND,2015,DTP3,87.0
India,IND,2016,DTP3,88.0
India,IND,2017,DTP3,89.0
India,IND,2018,DTP3,90.0
India,IND,2019,DTP3,91.0
India,IND,2020,DTP3,85.0
India,IND,2021,DTP3,85.0
India,IND,2022,DTP3,93.0
India,IND,2023,DTP3,91.0
India,IND,2024,DTP3,94.0
India,IND,2000,HepB3,
India,IND,2001,HepB3,
India,IND,2002,HepB3,
India,IND,2003,HepB3,
India,IND,2004,HepB3,6.0
India,IND,2005,HepB3,8.0
India,IND,2006,HepB3,6.0
India,IND,2007,HepB3,6.0
India,IND,2008,HepB3,29.0
India,IND,2009,HepB3,37.0
India,IND,2010,HepB3,38.0
India,IND,2011,HepB3,44.0
India,IND,2012,HepB3,70.0
India,IND,2013,HepB3,67.0
India,IND,2014,HepB3,77.0
India,IND,2015,HepB3,87.0
India,IND,2016,HepB3,88.0
India,IND,2017,HepB3,89.0
India,IND,2018,HepB3,90.0
India,IND,2019,HepB3,91.0
India,IND,2020,HepB3,85.0
India,IND,2021,HepB3,85.0
India,IND,2022,HepB3,93.0
India,IND,2023,HepB3,91.0
India,IND,2024,HepB3,94.0
India,IND,2000,MCV1,56.0
India,IND,2001,MCV1,57.0
India,IND,2002,MCV1,56.0
India,IND,2003,MCV1,60.0
India,IND,2004,MCV1,64.0
India,IND,2005,MCV1,68.0
India,IND,2006,MCV1,69.0
India,IND,2007,MCV1,70.0
India,IND,2008,MCV1,72.0
India,IND,2009,MCV1,78.0
India,IND,2010,MCV1,82.0
India,IND,2011,MCV1,84.0
India,IND,2012,MCV1,83.0
India,IND,2013,MCV1,83.0
India,IND,2014,MCV1,85.0
India,IND,2015,MCV1,87.0
India,IND,2016,MCV1,88.0
India,IND,2017,MCV1,90.0
India,IND,2018,MCV1,93.0
India,IND,2019,MCV1,95.0
India,IND,2020,MCV1,89.0
India,IND,2021,MCV1,89.0
India,IND,2022,MCV1,95.0
India,IND,2023,MCV1,93.0
India,IND,2024,MCV1,97.0
India,IND,2000,Polio3,57.0
India,IND,2001,Polio3,58.0
India,IND,2002,Polio3,58.0
India,IND,2003,Polio3,57.0
India,IND,2004,Polio3,58.0
India,IND,2005,Polio3,65.0
India,IND,2006,Polio3,66.0
India,IND,2007,Polio3,67.0
India,IND,2008,Polio3,69.0
India,IND,2009,Polio3,73.0
India,IND,2010,Polio3,76.0
India,IND,2011,Polio3,79.0
India,IND,2012,Polio3,79.0
India,IND,2013,Polio3,82.0
India,IND,2014,Polio3,84.0
India,IND,2015,Polio3,86.0
India,IND,2016,Polio3,86.0
India,IND,2017,Polio3,89.0
India,IND,2018,Polio3,90.0
India,IND,2019,Polio3,90.0
India,IND,2020,Polio3,85.0
India,IND,2021,Polio3,85.0
India,IND,2022,Polio3,93.0
India,IND,2023,Polio3,91.0
India,IND,2024,Polio3,93.0
Indonesia,IDN,2000,DTP3,75.0
Indonesia,IDN,2001,DTP3,76.0
Indonesia,IDN,2002,DTP3,70.0
Indonesia,IDN,2003,DTP3,71.0
Indonesia,IDN,2004,DTP3,71.0
Indonesia,IDN,2005,DTP3,72.0
Indonesia,IDN,2006,DTP3,72.0
Indonesia,IDN,2007,DTP3,73.0
Indonesia,IDN,2008,DTP3,77.0
Indonesia,IDN,2009,DTP3,78.0
Indonesia,IDN,2010,DTP3,81.0
Indonesia,IDN,2011,DTP3,81.0
Indonesia,IDN,2012,DTP3,87.0
Indonesia,IDN,2013,DTP3,92.0
Indonesia,IDN,2014,DTP3,88.0
Indonesia,IDN,2015,DTP3,84.0
Indonesia,IDN,2016,DTP3,84.0
Indonesia,IDN,2017,DTP3,85.0
Indonesia,IDN,2018,DTP3,85.0
Indonesia,IDN,2019,DTP3,85.0
Indonesia,IDN,2020,DTP3,77.0
Indonesia,IDN,2021,DTP3,67.0
Indonesia,IDN,2022,DTP3,91.0
Indonesia,IDN,2023,DTP3,83.0
Indonesia,IDN,2024,DTP3,78.0
Indonesia,IDN,2000,HepB3,65.0
Indonesia,IDN,2001,HepB3,62.0
Indonesia,IDN,2002,HepB3,63.0
Indonesia,IDN,2003,HepB3,64.0
Indonesia,IDN,2004,HepB3,64.0
Indonesia,IDN,2005,HepB3,65.0
Indonesia,IDN,2006,HepB3,66.0
Indonesia,IDN,2007,HepB3,76.0
Indonesia,IDN,2008,HepB3,82.0
Indonesia,IDN,2009,HepB3,82.0
Indonesia,IDN,2010,HepB3,83.0
Indonesia,IDN,2011,HepB3,81.0
Indonesia,IDN,2012,HepB3,85.0
Indonesia,IDN,2013,HepB3,90.0
Indonesia,IDN,2014,HepB3,88.0
Indonesia,IDN,2015,HepB3,84.0
Indonesia,IDN,2016,HepB3,84.0
Indonesia,IDN,2017,HepB3,85.0
Indonesia,IDN,2018,HepB3,85.0
Indonesia,IDN,2019,HepB3,85.0
Indonesia,IDN,2020,HepB3,77.0
Indonesia,IDN,2021,HepB3,67.0
Indonesia,IDN,2022,HepB3,91.0
Indonesia,IDN,2023,HepB3,83.0
Indonesia,IDN,2024,HepB3,78.0
Indonesia,IDN,2000,MCV1,76.0
Indonesia,IDN,2001,MCV1,76.0
Indonesia,IDN,2002,MCV1,72.0
Indonesia,IDN,2003,MCV1,74.0
Indonesia,IDN,2004,MCV1,76.0
Indonesia,IDN,2005,MCV1,77.0
Indonesia,IDN,2006,MCV1,79.0
Indonesia,IDN,2007,MCV1,76.0
Indonesia,IDN,2008,MCV1,76.0
Indonesia,IDN,2009,MCV1,74.0
Indonesia,IDN,2010,MCV1,78.0
Indonesia,IDN,2011,MCV1,80.0
Indonesia,IDN,2012,MCV1,82.0
Indonesia,IDN,2013,MCV1,87.0
Indonesia,IDN,2014,MCV1,86.0
Indonesia,IDN,2015,MCV1,87.0
Indonesia,IDN,2016,MCV1,88.0
Indonesia,IDN,2017,MCV1,90.0
Indonesia,IDN,2018,MCV1,89.0
Indonesia,IDN,2019,MCV1,88.0
Indonesia,IDN,2020,MCV1,76.0
Indonesia,IDN,2021,MCV1,72.0
Indonesia,IDN,2022,MCV1,92.0
Indonesia,IDN,2023,MCV1,82.0
Indonesia,IDN,2024,MCV1,85.0
Indonesia,IDN,2000,Polio3,72.0
Indonesia,IDN,2001,Polio3,77.0
Indonesia,IDN,2002,Polio3,80.0
Indonesia,IDN,2003,Polio3,80.0
Indonesia,IDN,2004,Polio3,79.0
Indonesia,IDN,2005,Polio3,79.0
Indonesia,IDN,2006,Polio3,78.0
Indonesia,IDN,2007,Polio3,77.0
Indonesia,IDN,2008,Polio3,83.0
Indonesia,IDN,2009,Polio3,85.0
Indonesia,IDN,2010,Polio3,82.0
Indonesia,IDN,2011,Polio3,81.0
Indonesia,IDN,2012,Polio3,87.0
Indonesia,IDN,2013,Polio3,92.0
Indonesia,IDN,2014,Polio3,90.0
Indonesia,IDN,2015,Polio3,85.0
Indonesia,IDN,2016,Polio3,85.0
Indonesia,IDN,2017,Polio3,88.0
Indonesia,IDN,2018,Polio3,87.0
Indonesia,IDN,2019,Polio3,85.0
Indonesia,IDN,2020,Polio3,76.0
Indonesia,IDN,2021,Polio3,68.0
Indonesia,IDN,2022,Polio3,91.0
Indonesia,IDN,2023,Polio3,82.0
Indonesia,IDN,2024,Polio3,87.0
Nigeria,NGA,2000,DTP3,29.0
Nigeria,NGA,2001,DTP3,27.0
Nigeria,NGA,2002,DTP3,25.0
Nigeria,NGA,2003,DTP3,29.0
Nigeria,NGA,2004,DTP3,33.0
Nigeria,NGA,2005,DTP3,36.0
Nigeria,NGA,2006,DTP3,40.0
Nigeria,NGA,2007,DTP3,42.0
Nigeria,NGA,2008,DTP3,53.0
Nigeria,NGA,2009,DTP3,63.0
Nigeria,NGA,2010,DTP3,56.0
Nigeria,NGA,2011,DTP3,53.0
Nigeria,NGA,2012,DTP3,36.0
Nigeria,NGA,2013,DTP3,39.0
Nigeria,NGA,2014,DTP3,43.0
Nigeria,NGA,2015,DTP3,42.0
Nigeria,NGA,2016,DTP3,53.0
Nigeria,NGA,2017,DTP3,55.0
Nigeria,NGA,2018,DTP3,61.0
Nigeria,NGA,2019,DTP3,66.0
Nigeria,NGA,2020,DTP3,62.0
Nigeria,NGA,2021,DTP3,61.0
Nigeria,NGA,2022,DTP3,59.0
Nigeria,NGA,2023,DTP3,67.0
Nigeria,NGA,2024,DTP3,67.0
Nigeria,NGA,2000,HepB3,
Nigeria,NGA,2001,HepB3,
Nigeria,NGA,2002,HepB3,
Nigeria,NGA,2003,HepB3,
Nigeria,NGA,2004,HepB3,8.0
Nigeria,NGA,2005,HepB3,18.0
Nigeria,NGA,2006,HepB3,27.0
Nigeria,NGA,2007,HepB3,42.0
Nigeria,NGA,2008,HepB3,53.0
Nigeria,NGA,2009,HepB3,63.0
Nigeria,NGA,2010,HepB3,49.0
Nigeria,NGA,2011,HepB3,45.0
Nigeria,NGA,2012,HepB3,42.0
Nigeria,NGA,2013,HepB3,43.0
Nigeria,NGA,2014,HepB3,43.0
Nigeria,NGA,2015,HepB3,42.0
Nigeria,NGA,2016,HepB3,53.0
Nigeria,NGA,2017,HepB3,55.0
Nigeria,NGA,2018,HepB3,61.0
Nigeria,NGA,2019,HepB3,66.0
Nigeria,NGA,2020,HepB3,62.0
Nigeria,NGA,2021,HepB3,61.0
Nigeria,NGA,2022,HepB3,59.0
Nigeria,NGA,2023,HepB3,67.0
Nigeria,NGA,2024,HepB3,67.0
Nigeria,NGA,2000,MCV1,33.0
Nigeria,NGA,2001,MCV1,32.0
Nigeria,NGA,2002,MCV1,30.0
Nigeria,NGA,2003,MCV1,34.0
Nigeria,NGA,2004,MCV1,37.0
Nigeria,NGA,2005,MCV1,41.0
Nigeria,NGA,2006,MCV1,44.0
Nigeria,NGA,2007,MCV1,41.0
Nigeria,NGA,2008,MCV1,53.0
Nigeria,NGA,2009,MCV1,64.0
Nigeria,NGA,2010,MCV1,56.0
Nigeria,NGA,2011,MCV1,53.0
Nigeria,NGA,2012,MCV1,41.0
Nigeria,NGA,2013,MCV1,42.0
Nigeria,NGA,2014,MCV1,42.0
Nigeria,NGA,2015,MCV1,42.0
Nigeria,NGA,2016,MCV1,48.0
Nigeria,NGA,2017,MCV1,54.0
Nigeria,NGA,2018,MCV1,56.0
Nigeria,NGA,2019,MCV1,58.0
Nigeria,NGA,2020,MCV1,60.0
Nigeria,NGA,2021,MCV1,56.0
Nigeria,NGA,2022,MCV1,51.0
Nigeria,NGA,2023,MCV1,54.0
Nigeria,NGA,2024,MCV1,57.0
Nigeria,NGA,2000,Polio3,31.0
Nigeria,NGA,2001,Polio3,36.0
Nigeria,NGA,2002,Polio3,40.0
Nigeria,NGA,2003,Polio3,42.0
Nigeria,NGA,2004,Polio3,43.0
Nigeria,NGA,2005,Polio3,45.0
Nigeria,NGA,2006,Polio3,46.0
Nigeria,NGA,2007,Polio3,54.0
Nigeria,NGA,2008,Polio3,60.0
Nigeria,NGA,2009,Polio3,66.0
Nigeria,NGA,2010,Polio3,54.0
Nigeria,NGA,2011,Polio3,48.0
Nigeria,NGA,2012,Polio3,42.0
Nigeria,NGA,2013,Polio3,41.0
Nigeria,NGA,2014,Polio3,42.0
Nigeria,NGA,2015,Polio3,42.0
Nigeria,NGA,2016,Polio3,53.0
Nigeria,NGA,2017,Polio3,55.0
Nigeria,NGA,2018,Polio3,61.0
Nigeria,NGA,2019,Polio3,66.0
Nigeria,NGA,2020,Polio3,62.0
Nigeria,NGA,2021,Polio3,59.0
Nigeria,NGA,2022,Polio3,55.0
Nigeria,NGA,2023,Polio3,70.0
Nigeria,NGA,2024,Polio3,69.0
North America,OWID_NAM,2000,DTP3,89.74069
North America,OWID_NAM,2001,DTP3,89.60701
North America,OWID_NAM,2002,DTP3,90.04401
North America,OWID_NAM,2003,DTP3,91.13705
North America,OWID_NAM,2004,DTP3,91.68744
North America,OWID_NAM,2005,DTP3,92.19747
North America,OWID_NAM,2006,DTP3,92.38944
North America,OWID_NAM,2007,DTP3,92.185486
North America,OWID_NAM,2008,DTP3,92.02113
North America,OWID_NAM,2009,DTP3,91.09521
North America,OWID_NAM,2010,DTP3,91.35658
North America,OWID_NAM,2011,DTP3,91.83607
North America,OWID_NAM,2012,DTP3,92.1318
North America,OWID_NAM,2013,DTP3,87.71075
North America,OWID_NAM,2014,DTP3,88.38638
North America,OWID_NAM,2015,DTP3,88.04007
North America,OWID_NAM,2016,DTP3,90.388435
North America,OWID_NAM,2017,DTP3,87.85557
North America,OWID_NAM,2018,DTP3,88.40859
North America,OWID_NAM,2019,DTP3,86.925316
North America,OWID_NAM,2020,DTP3,83.40063
North America,OWID_NAM,2021,DTP3,84.68911
North America,OWID_NAM,2022,DTP3,86.16952
North America,OWID_NAM,2023,DTP3,87.15087
North America,OWID_NAM,2024,DTP3,
North America,OWID_NAM,2000,HepB3,77.004036
North America,OWID_NAM,2001,HepB3,77.099945
North America,OWID_NAM,2002,HepB3,77.010376
North America,OWID_NAM,2003,HepB3,80.65737
North America,OWID_NAM,2004,HepB3,81.163574
North America,OWID_NAM,2005,HepB3,85.8164
North America,OWID_NAM,2006,HepB3,85.65268
North America,OWID_NAM,2007,HepB3,85.424446
North America,OWID_NAM,2008,HepB3,86.65257
North America,OWID_NAM,2009,HepB3,85.52847
North America,OWID_NAM,2010,HepB3,85.80527
North America,OWID_NAM,2011,HepB3,86.7987
North America,OWID_NAM,2012,HepB3,86.94892
North America,OWID_NAM,2013,HepB3,83.50763
North America,OWID_NAM,2014,HepB3,84.40447
North America,OWID_NAM,2015,HepB3,82.50164
North America,OWID_NAM,2016,HepB3,85.35219
North America,OWID_NAM,2017,HepB3,78.25588
North America,OWID_NAM,2018,HepB3,77.360176
North America,OWID_NAM,2019,HepB3,78.30389
North America,OWID_NAM,2020,HepB3,83.30297
North America,OWID_NAM,2021,HepB3,83.81664
North America,OWID_NAM,2022,HepB3,85.22557
North America,OWID_NAM,2023,HepB3,86.23088
North America,OWID_NAM,2024,HepB3,
North America,OWID_NAM,2000,MCV1,89.02308
North America,OWID_NAM,2001,MCV1,89.04304
North America,OWID_NAM,2002,MCV1,89.39124
North America,OWID_NAM,2003,MCV1,90.221924
North America,OWID_NAM,2004,MCV1,90.26453
North America,OWID_NAM,2005,MCV1,89.85161
North America,OWID_NAM,2006,MCV1,89.89495
North America,OWID_NAM,2007,MCV1,89.52796
North America,OWID_NAM,2008,MCV1,90.02877
North America,OWID_NAM,2009,MCV1,88.918915
North America,OWID_NAM,2010,MCV1,89.6833
North America,OWID_NAM,2011,MCV1,90.22646
North America,OWID_NAM,2012,MCV1,90.44891
North America,OWID_NAM,2013,MCV1,88.11161
North America,OWID_NAM,2014,MCV1,89.70273
North America,OWID_NAM,2015,MCV1,90.27577
North America,OWID_NAM,2016,MCV1,90.330635
North America,OWID_NAM,2017,MCV1,84.561005
North America,OWID_NAM,2018,MCV1,90.29433
North America,OWID_NAM,2019,MCV1,83.472946
North America,OWID_NAM,2020,MCV1,87.9286
North America,OWID_NAM,2021,MCV1,90.18744
North America,OWID_NAM,2022,MCV1,86.51519
North America,OWID_NAM,2023,MCV1,84.62012
North America,OWID_NAM,2024,MCV1,
North America,OWID_NAM,2000,Polio3,87.64893
North America,OWID_NAM,2001,Polio3,87.54802
North America,OWID_NAM,2002,Polio3,88.36562
North America,OWID_NAM,2003,Polio3,88.83654
North America,OWID_NAM,2004,Polio3,89.69352
North America,OWID_NAM,2005,Polio3,90.392654
North America,OWID_NAM,2006,Polio3,91.20989
North America,OWID_NAM,2007,Polio3,91.02874
North America,OWID_NAM,2008,Polio3,91.37629
North America,OWID_NAM,2009,Polio3,90.23762
North America,OWID_NAM,2010,Polio3,90.369026
North America,OWID_NAM,2011,Polio3,90.88018
North America,OWID_NAM,2012,Polio3,91.52659
North America,OWID_NAM,2013,Polio3,87.04044
North America,OWID_NAM,2014,Polio3,87.03803
North America,OWID_NAM,2015,Polio3,87.62225
North America,OWID_NAM,2016,Polio3,89.62321
North America,OWID_NAM,2017,Polio3,86.15606
North America,OWID_NAM,2018,Polio3,87.873375
North America,OWID_NAM,2019,Polio3,87.267845
North America,OWID_NAM,2020,Polio3,82.60523
North America,OWID_NAM,2021,Polio3,83.75319
North America,OWID_NAM,2022,Polio3,85.39704
North America,OWID_NAM,2023,Polio3,86.33284
North America,OWID_NAM,2024,Polio3,
Oceania,OWID_OCE,2000,DTP3,77.43844
Oceania,OWID_OCE,2001,DTP3,76.77371
Oceania,OWID_OCE,2002,DTP3,78.50176
Oceania,OWID_OCE,2003,DTP3,81.27943
Oceania,OWID_OCE,2004,DTP3,78.544
Oceania,OWID_OCE,2005,DTP3,82.05323
Oceania,OWID_OCE,2006,DTP3,81.611916
Oceania,OWID_OCE,2007,DTP3,80.372444
Oceania,OWID_OCE,2008,DTP3,77.046165
Oceania,OWID_OCE,2009,DTP3,80.30716
Oceania,OWID_OCE,2010,DTP3,77.447075
Oceania,OWID_OCE,2011,DTP3,78.805176
Oceania,OWID_OCE,2012,DTP3,78.18194
Oceania,OWID_OCE,2013,DTP3,78.49758
Oceania,OWID_OCE,2014,DTP3,76.04264
Oceania,OWID_OCE,2015,DTP3,75.549934
Oceania,OWID_OCE,2016,DTP3,75.04762
Oceania,OWID_OCE,2017,DTP3,71.885574
Oceania,OWID_OCE,2018,DTP3,71.17615
Oceania,OWID_OCE,2019,DTP3,71.46186
Oceania,OWID_OCE,2020,DTP3,73.058
Oceania,OWID_OCE,2021,DTP3,69.39455
Oceania,OWID_OCE,2022,DTP3,70.696075
Oceania,OWID_OCE,2023,DTP3,69.93255
Oceania,OWID_OCE,2024,DTP3,
Oceania,OWID_OCE,2000,HepB3,35.699917
Oceania,OWID_OCE,2001,HepB3,79.3014
Oceania,OWID_OCE,2002,HepB3,79.55722
Oceania,OWID_OCE,2003,HepB3,81.72093
Oceania,OWID_OCE,2004,HepB3,78.98532
Oceania,OWID_OCE,2005,HepB3,79.84073
Oceania,OWID_OCE,2006,HepB3,82.47079
Oceania,OWID_OCE,2007,HepB3,78.573685
Oceania,OWID_OCE,2008,HepB3,77.637955
Oceania,OWID_OCE,2009,HepB3,81.34625
Oceania,OWID_OCE,2010,HepB3,77.17122
Oceania,OWID_OCE,2011,HepB3,78.75432
Oceania,OWID_OCE,2012,HepB3,78.1858
Oceania,OWID_OCE,2013,HepB3,78.269806
Oceania,OWID_OCE,2014,HepB3,75.6283
Oceania,OWID_OCE,2015,HepB3,75.59045
Oceania,OWID_OCE,2016,HepB3,75.07583
Oceania,OWID_OCE,2017,HepB3,71.913704
Oceania,OWID_OCE,2018,HepB3,71.209785
Oceania,OWID_OCE,2019,HepB3,71.48772
Oceania,OWID_OCE,2020,HepB3,73.130226
Oceania,OWID_OCE,2021,HepB3,69.424065
Oceania,OWID_OCE,2022,HepB3,70.76679
Oceania,OWID_OCE,2023,HepB3,69.95819
Oceania,OWID_OCE,2024,HepB3,
Oceania,OWID_OCE,2000,MCV1,80.21718
Oceania,OWID_OCE,2001,MCV1,79.0698
Oceania,OWID_OCE,2002,MCV1,82.361336
Oceania,OWID_OCE,2003,MCV1,83.414474
Oceania,OWID_OCE,2004,MCV1,83.03664
Oceania,OWID_OCE,2005,MCV1,85.22041
Oceania,OWID_OCE,2006,MCV1,85.541084
Oceania,OWID_OCE,2007,MCV1,82.162125
Oceania,OWID_OCE,2008,MCV1,80.32501
Oceania,OWID_OCE,2009,MCV1,80.34803
Oceania,OWID_OCE,2010,MCV1,80.189156
Oceania,OWID_OCE,2011,MCV1,81.47022
Oceania,OWID_OCE,2012,MCV1,83.49964
Oceania,OWID_OCE,2013,MCV1,83.676056
Oceania,OWID_OCE,2014,MCV1,81.53259
Oceania,OWID_OCE,2015,MCV1,78.857506
Oceania,OWID_OCE,2016,MCV1,75.26629
Oceania,OWID_OCE,2017,MCV1,73.21682
Oceania,OWID_OCE,2018,MCV1,71.384285
Oceania,OWID_OCE,2019,MCV1,71.36082
Oceania,OWID_OCE,2020,MCV1,72.740204
Oceania,OWID_OCE,2021,MCV1,68.6455
Oceania,OWID_OCE,2022,MCV1,73.257454
Oceania,OWID_OCE,2023,MCV1,74.32879
Oceania,OWID_OCE,2024,MCV1,
Oceania,OWID_OCE,2000,Polio3,74.189095
Oceania,OWID_OCE,2001,Polio3,74.73572
Oceania,OWID_OCE,2002,Polio3,75.74107
Oceania,OWID_OCE,2003,Polio3,78.54132
Oceania,OWID_OCE,2004,Polio3,77.10389
Oceania,OWID_OCE,2005,Polio3,78.4871
Oceania,OWID_OCE,2006,Polio3,80.04038
Oceania,OWID_OCE,2007,Polio3,81.027954
Oceania,OWID_OCE,2008,Polio3,81.577965
Oceania,OWID_OCE,2009,Polio3,82.28152
Oceania,OWID_OCE,2010,Polio3,79.379845
Oceania,OWID_OCE,2011,Polio3,77.87264
Oceania,OWID_OCE,2012,Polio3,80.70328
Oceania,OWID_OCE,2013,Polio3,79.11129
Oceania,OWID_OCE,2014,Polio3,72.945885
Oceania,OWID_OCE,2015,Polio3,76.16432
Oceania,OWID_OCE,2016,Polio3,75.41317
Oceania,OWID_OCE,2017,Polio3,71.414955
Oceania,OWID_OCE,2018,Polio3,73.60599
Oceania,OWID_OCE,2019,Polio3,73.89131
Oceania,OWID_OCE,2020,Polio3,74.06074
Oceania,OWID_OCE,2021,Polio3,69.935905
Oceania,OWID_OCE,2022,Polio3,71.07476
Oceania,OWID_OCE,2023,Polio3,73.78756
Oceania,OWID_OCE,2024,Polio3,
Pakistan,PAK,2000,DTP3,59.0
Pakistan,PAK,2001,DTP3,61.0
Pakistan,PAK,2002,DTP3,63.0
Pakistan,PAK,2003,DTP3,66.0
Pakistan,PAK,2004,DTP3,68.0
Pakistan,PAK,2005,DTP3,63.0
Pakistan,PAK,2006,DTP3,59.0
Pakistan,PAK,2007,DTP3,54.0
Pakistan,PAK,2008,DTP3,53.0
Pakistan,PAK,2009,DTP3,52.0
Pakistan,PAK,2010,DTP3,52.0
Pakistan,PAK,2011,DTP3,63.0
Pakistan,PAK,2012,DTP3,64.0
Pakistan,PAK,2013,DTP3,65.0
Pakistan,PAK,2014,DTP3,69.0
Pakistan,PAK,2015,DTP3,72.0
Pakistan,PAK,2016,DTP3,75.0
Pakistan,PAK,2017,DTP3,75.0
Pakistan,PAK,2018,DTP3,80.0
Pakistan,PAK,2019,DTP3,84.0
Pakistan,PAK,2020,DTP3,80.0
Pakistan,PAK,2021,DTP3,83.0
Pakistan,PAK,2022,DTP3,85.0
Pakistan,PAK,2023,DTP3,86.0
Pakistan,PAK,2024,DTP3,87.0
Pakistan,PAK,2000,HepB3,
Pakistan,PAK,2001,HepB3,
Pakistan,PAK,2002,HepB3,
Pakistan,PAK,2003,HepB3,62.0
Pakistan,PAK,2004,HepB3,62.0
Pakistan,PAK,2005,HepB3,65.0
Pakistan,PAK,2006,HepB3,60.0
Pakistan,PAK,2007,HepB3,54.0
Pakistan,PAK,2008,HepB3,53.0
Pakistan,PAK,2009,HepB3,52.0
Pakistan,PAK,2010,HepB3,52.0
Pakistan,PAK,2011,HepB3,63.0
Pakistan,PAK,2012,HepB3,64.0
Pakistan,PAK,2013,HepB3,65.0
Pakistan,PAK,2014,HepB3,69.0
Pakistan,PAK,2015,HepB3,72.0
Pakistan,PAK,2016,HepB3,75.0
Pakistan,PAK,2017,HepB3,75.0
Pakistan,PAK,2018,HepB3,80.0
Pakistan,PAK,2019,HepB3,84.0
Pakistan,PAK,2020,HepB3,80.0
Pakistan,PAK,2021,HepB3,83.0
Pakistan,PAK,2022,HepB3,85.0
Pakistan,PAK,2023,HepB3,86.0
Pakistan,PAK,2024,HepB3,87.0
Pakistan,PAK,2000,MCV1,57.0
Pakistan,PAK,2001,MCV1,59.0
Pakistan,PAK,2002,MCV1,60.0
Pakistan,PAK,2003,MCV1,62.0
Pakistan,PAK,2004,MCV1,63.0
Pakistan,PAK,2005,MCV1,61.0
Pakistan,PAK,2006,MCV1,59.0
Pakistan,PAK,2007,MCV1,57.0
Pakistan,PAK,2008,MCV1,56.0
Pakistan,PAK,2009,MCV1,56.0
Pakistan,PAK,2010,MCV1,57.0
Pakistan,PAK,2011,MCV1,59.0
Pakistan,PAK,2012,MCV1,63.0
Pakistan,PAK,2013,MCV1,68.0
Pakistan,PAK,2014,MCV1,71.0
Pakistan,PAK,2015,MCV1,75.0
Pakistan,PAK,2016,MCV1,75.0
Pakistan,PAK,2017,MCV1,76.0
Pakistan,PAK,2018,MCV1,79.0
Pakistan,PAK,2019,MCV1,81.0
Pakistan,PAK,2020,MCV1,83.0
Pakistan,PAK,2021,MCV1,81.0
Pakistan,PAK,2022,MCV1,82.0
Pakistan,PAK,2023,MCV1,84.0
Pakistan,PAK,2024,MCV1,86.0
Pakistan,PAK,2000,Polio3,61.0
Pakistan,PAK,2001,Polio3,63.0
Pakistan,PAK,2002,Polio3,64.0
Pakistan,PAK,2003,Polio3,66.0
Pakistan,PAK,2004,Polio3,67.0
Pakistan,PAK,2005,Polio3,63.0
Pakistan,PAK,2006,Polio3,58.0
Pakistan,PAK,2007,Polio3,54.0
Pakistan,PAK,2008,Polio3,53.0
Pakistan,PAK,2009,Polio3,52.0
Pakistan,PAK,2010,Polio3,52.0
Pakistan,PAK,2011,Polio3,63.0
Pakistan,PAK,2012,Polio3,64.0
Pakistan,PAK,2013,Polio3,65.0
Pakistan,PAK,2014,Polio3,69.0
Pakistan,PAK,2015,Polio3,72.0
Pakistan,PAK,2016,Polio3,75.0
Pakistan,PAK,2017,Polio3,75.0
Pakistan,PAK,2018,Polio3,75.0
Pakistan,PAK,2019,Polio3,84.0
Pakistan,PAK,2020,Polio3,83.0
Pakistan,PAK,2021,Polio3,83.0
Pakistan,PAK,2022,Polio3,85.0
Pakistan,PAK,2023,Polio3,86.0
Pakistan,PAK,2024,Polio3,87.0
South America,OWID_SAM,2000,DTP3,90.7119
South America,OWID_SAM,2001,DTP3,89.77683
South America,OWID_SAM,2002,DTP3,91.45592
South America,OWID_SAM,2003,DTP3,93.39251
South America,OWID_SAM,2004,DTP3,93.94241
South America,OWID_SAM,2005,DTP3,93.93154
South America,OWID_SAM,2006,DTP3,93.56521
South America,OWID_SAM,2007,DTP3,92.79605
South America,OWID_SAM,2008,DTP3,91.67894
South America,OWID_SAM,2009,DTP3,94.765755
South America,OWID_SAM,2010,DTP3,93.569
South America,OWID_SAM,2011,DTP3,92.7903
South America,OWID_SAM,2012,DTP3,92.12327
South America,OWID_SAM,2013,DTP3,92.48746
South America,OWID_SAM,2014,DTP3,90.20131
South America,OWID_SAM,2015,DTP3,92.58963
South America,OWID_SAM,2016,DTP3,89.1084
South America,OWID_SAM,2017,DTP3,84.27002
South America,OWID_SAM,2018,DTP3,85.36475
South America,OWID_SAM,2019,DTP3,77.5641
South America,OWID_SAM,2020,DTP3,75.73587
South America,OWID_SAM,2021,DTP3,73.357574
South America,OWID_SAM,2022,DTP3,76.6863
South America,OWID_SAM,2023,DTP3,82.35732
South America,OWID_SAM,2024,DTP3,
South America,OWID_SAM,2000,HepB3,59.23197
South America,OWID_SAM,2001,HepB3,63.339134
South America,OWID_SAM,2002,HepB3,70.84509
South America,OWID_SAM,2003,HepB3,85.73464
South America,OWID_SAM,2004,HepB3,88.95301
South America,OWID_SAM,2005,HepB3,90.849075
South America,OWID_SAM,2006,HepB3,92.76769
South America,OWID_SAM,2007,HepB3,91.774536
South America,OWID_SAM,2008,HepB3,90.09206
South America,OWID_SAM,2009,HepB3,94.60302
South America,OWID_SAM,2010,HepB3,92.172554
South America,OWID_SAM,2011,HepB3,92.327545
South America,OWID_SAM,2012,HepB3,92.61658
South America,OWID_SAM,2013,HepB3,92.023056
South America,OWID_SAM,2014,HepB3,91.53785
South America,OWID_SAM,2015,HepB3,92.58963
South America,OWID_SAM,2016,HepB3,89.1084
South America,OWID_SAM,2017,HepB3,83.586296
South America,OWID_SAM,2018,HepB3,85.36475
South America,OWID_SAM,2019,HepB3,78.25294
South America,OWID_SAM,2020,HepB3,75.73587
South America,OWID_SAM,2021,HepB3,73.16361
South America,OWID_SAM,2022,HepB3,76.6863
South America,OWID_SAM,2023,HepB3,82.35732
South America,OWID_SAM,2024,HepB3,
South America,OWID_SAM,2000,MCV1,94.66387
South America,OWID_SAM,2001,MCV1,96.257835
South America,OWID_SAM,2002,MCV1,94.023445
South America,OWID_SAM,2003,MCV1,94.93777
South America,OWID_SAM,2004,MCV1,93.622604
South America,OWID_SAM,2005,MCV1,92.72198
South America,OWID_SAM,2006,MCV1,95.25601
South America,OWID_SAM,2007,MCV1,95.295876
South America,OWID_SAM,2008,MCV1,96.00276
South America,OWID_SAM,2009,MCV1,95.61462
South America,OWID_SAM,2010,MCV1,94.00138
South America,OWID_SAM,2011,MCV1,94.93023
South America,OWID_SAM,2012,MCV1,95.24847
South America,OWID_SAM,2013,MCV1,93.506676
South America,OWID_SAM,2014,MCV1,93.4206
South America,OWID_SAM,2015,MCV1,93.18839
South America,OWID_SAM,2016,MCV1,92.239296
South America,OWID_SAM,2017,MCV1,88.73732
South America,OWID_SAM,2018,MCV1,89.99408
South America,OWID_SAM,2019,MCV1,89.63315
South America,OWID_SAM,2020,MCV1,80.00948
South America,OWID_SAM,2021,MCV1,76.226814
South America,OWID_SAM,2022,MCV1,78.42446
South America,OWID_SAM,2023,MCV1,84.08243
South America,OWID_SAM,2024,MCV1,
South America,OWID_SAM,2000,Polio3,92.09919
South America,OWID_SAM,2001,Polio3,92.19754
South America,OWID_SAM,2002,Polio3,93.05406
South America,OWID_SAM,2003,Polio3,95.125336
South America,OWID_SAM,2004,Polio3,92.68062
South America,OWID_SAM,2005,Polio3,91.92659
South America,OWID_SAM,2006,Polio3,93.73688
South America,OWID_SAM,2007,Polio3,93.17337
South America,OWID_SAM,2008,Polio3,93.859184
South America,OWID_SAM,2009,Polio3,93.972404
South America,OWID_SAM,2010,Polio3,93.021645
South America,OWID_SAM,2011,Polio3,92.35302
South America,OWID_SAM,2012,Polio3,91.43726
South America,OWID_SAM,2013,Polio3,90.110214
South America,OWID_SAM,2014,Polio3,90.58069
South America,OWID_SAM,2015,Polio3,93.461525
South America,OWID_SAM,2016,Polio3,80.36048
South America,OWID_SAM,2017,Polio3,85.25423
South America,OWID_SAM,2018,Polio3,83.47724
South America,OWID_SAM,2019,Polio3,84.09665
South America,OWID_SAM,2020,Polio3,75.00437
South America,OWID_SAM,2021,Polio3,71.74715
South America,OWID_SAM,2022,Polio3,75.13877
South America,OWID_SAM,2023,Polio3,80.65822
South America,OWID_SAM,2024,Polio3,
Ukraine,UKR,2000,DTP3,99.0
Ukraine,UKR,2001,DTP3,99.0
Ukraine,UKR,2002,DTP3,99.0
Ukraine,UKR,2003,DTP3,97.0
Ukraine,UKR,2004,DTP3,99.0
Ukraine,UKR,2005,DTP3,96.0
Ukraine,UKR,2006,DTP3,98.0
Ukraine,UKR,2007,DTP3,98.0
Ukraine,UKR,2008,DTP3,90.0
Ukraine,UKR,2009,DTP3,71.0
Ukraine,UKR,2010,DTP3,52.0
Ukraine,UKR,2011,DTP3,50.0
Ukraine,UKR,2012,DTP3,76.0
Ukraine,UKR,2013,DTP3,76.0
Ukraine,UKR,2014,DTP3,23.0
Ukraine,UKR,2015,DTP3,23.0
Ukraine,UKR,2016,DTP3,19.0
Ukraine,UKR,2017,DTP3,50.0
Ukraine,UKR,2018,DTP3,69.0
Ukraine,UKR,2019,DTP3,80.0
Ukraine,UKR,2020,DTP3,81.0
Ukraine,UKR,2021,DTP3,78.0
Ukraine,UKR,2022,DTP3,73.0
Ukraine,UKR,2023,DTP3,83.0
Ukraine,UKR,2024,DTP3,88.0
Ukraine,UKR,2000,HepB3,4.0
Ukraine,UKR,2001,HepB3,7.0
Ukraine,UKR,2002,HepB3,48.0
Ukraine,UKR,2003,HepB3,77.0
Ukraine,UKR,2004,HepB3,98.0
Ukraine,UKR,2005,HepB3,97.0
Ukraine,UKR,2006,HepB3,96.0
Ukraine,UKR,2007,HepB3,92.0
Ukraine,UKR,2008,HepB3,84.0
Ukraine,UKR,2009,HepB3,66.0
Ukraine,UKR,2010,HepB3,48.0
Ukraine,UKR,2011,HepB3,21.0
Ukraine,UKR,2012,HepB3,46.0
Ukraine,UKR,2013,HepB3,46.0
Ukraine,UKR,2014,HepB3,22.0
Ukraine,UKR,2015,HepB3,22.0
Ukraine,UKR,2016,HepB3,26.0
Ukraine,UKR,2017,HepB3,52.0
Ukraine,UKR,2018,HepB3,67.0
Ukraine,UKR,2019,HepB3,77.0
Ukraine,UKR,2020,HepB3,81.0
Ukraine,UKR,2021,HepB3,77.0
Ukraine,UKR,2022,HepB3,62.0
Ukraine,UKR,2023,HepB3,79.0
Ukraine,UKR,2024,HepB3,88.0
Ukraine,UKR,2000,MCV1,99.0
Ukraine,UKR,2001,MCV1,99.0
Ukraine,UKR,2002,MCV1,99.0
Ukraine,UKR,2003,MCV1,99.0
Ukraine,UKR,2004,MCV1,99.0
Ukraine,UKR,2005,MCV1,96.0
Ukraine,UKR,2006,MCV1,98.0
Ukraine,UKR,2007,MCV1,97.0
Ukraine,UKR,2008,MCV1,94.0
Ukraine,UKR,2009,MCV1,75.0
Ukraine,UKR,2010,MCV1,56.0
Ukraine,UKR,2011,MCV1,67.0
Ukraine,UKR,2012,MCV1,79.0
Ukraine,UKR,2013,MCV1,79.0
Ukraine,UKR,2014,MCV1,56.0
Ukraine,UKR,2015,MCV1,56.0
Ukraine,UKR,2016,MCV1,42.0
Ukraine,UKR,2017,MCV1,86.0
Ukraine,UKR,2018,MCV1,91.0
Ukraine,UKR,2019,MCV1,93.0
Ukraine,UKR,2020,MCV1,85.0
Ukraine,UKR,2021,MCV1,89.0
Ukraine,UKR,2022,MCV1,74.0
Ukraine,UKR,2023,MCV1,92.0
Ukraine,UKR,2024,MCV1,91.0
Ukraine,UKR,2000,Polio3,99.0
Ukraine,UKR,2001,Polio3,99.0
Ukraine,UKR,2002,Polio3,99.0
Ukraine,UKR,2003,Polio3,99.0
Ukraine,UKR,2004,Polio3,99.0
Ukraine,UKR,2005,Polio3,95.0
Ukraine,UKR,2006,Polio3,99.0
Ukraine,UKR,2007,Polio3,98.0
Ukraine,UKR,2008,Polio3,91.0
Ukraine,UKR,2009,Polio3,74.0
Ukraine,UKR,2010,Polio3,57.0
Ukraine,UKR,2011,Polio3,54.0
Ukraine,UKR,2012,Polio3,72.0
Ukraine,UKR,2013,Polio3,72.0
Ukraine,UKR,2014,Polio3,45.0
Ukraine,UKR,2015,Polio3,51.0
Ukraine,UKR,2016,Polio3,56.0
Ukraine,UKR,2017,Polio3,48.0
Ukraine,UKR,2018,Polio3,71.0
Ukraine,UKR,2019,Polio3,78.0
Ukraine,UKR,2020,Polio3,84.0
Ukraine,UKR,2021,Polio3,78.0
Ukraine,UKR,2022,Polio3,69.0
Ukraine,UKR,2023,Polio3,85.0
Ukraine,UKR,2024,Polio3,88.0
United Kingdom,GBR,2000,DTP3,91.0
United Kingdom,GBR,2001,DTP3,91.0
United Kingdom,GBR,2002,DTP3,91.0
United Kingdom,GBR,2003,DTP3,91.0
United Kingdom,GBR,2004,DTP3,92.0
United Kingdom,GBR,2005,DTP3,91.0
United Kingdom,GBR,2006,DTP3,92.0
United Kingdom,GBR,2007,DTP3,92.0
United Kingdom,GBR,2008,DTP3,92.0
United Kingdom,GBR,2009,DTP3,93.0
United Kingdom,GBR,2010,DTP3,94.0
United Kingdom,GBR,2011,DTP3,95.0
United Kingdom,GBR,2012,DTP3,95.0
United Kingdom,GBR,2013,DTP3,95.0
United Kingdom,GBR,2014,DTP3,95.0
United Kingdom,GBR,2015,DTP3,95.0
United Kingdom,GBR,2016,DTP3,94.0
United Kingdom,GBR,2017,DTP3,94.0
United Kingdom,GBR,2018,DTP3,94.0
United Kingdom,GBR,2019,DTP3,93.0
United Kingdom,GBR,2020,DTP3,93.0
United Kingdom,GBR,2021,DTP3,93.0
United Kingdom,GBR,2022,DTP3,92.0
United Kingdom,GBR,2023,DTP3,92.0
United Kingdom,GBR,2024,DTP3,92.0
United Kingdom,GBR,2000,HepB3,
United Kingdom,GBR,2001,HepB3,
United Kingdom,GBR,2002,HepB3,
United Kingdom,GBR,2003,HepB3,
United Kingdom,GBR,2004,HepB3,
United Kingdom,GBR,2005,HepB3,
United Kingdom,GBR,2006,HepB3,
United Kingdom,GBR,2007,HepB3,
United Kingdom,GBR,2008,HepB3,
United Kingdom,GBR,2009,HepB3,
United Kingdom,GBR,2010,HepB3,
United Kingdom,GBR,2011,HepB3,
United Kingdom,GBR,2012,HepB3,
United Kingdom,GBR,2013,HepB3,
United Kingdom,GBR,2014,HepB3,
United Kingdom,GBR,2015,HepB3,
United Kingdom,GBR,2016,HepB3,
United Kingdom,GBR,2017,HepB3,
United Kingdom,GBR,2018,HepB3,
United Kingdom,GBR,2019,HepB3,93.0
United Kingdom,GBR,2020,HepB3,93.0
United Kingdom,GBR,2021,HepB3,93.0
United Kingdom,GBR,2022,HepB3,92.0
United Kingdom,GBR,2023,HepB3,92.0
United Kingdom,GBR,2024,HepB3,92.0
United Kingdom,GBR,2000,MCV1,88.0
United Kingdom,GBR,2001,MCV1,85.0
United Kingdom,GBR,2002,MCV1,85.0
United Kingdom,GBR,2003,MCV1,82.0
United Kingdom,GBR,2004,MCV1,81.0
United Kingdom,GBR,2005,MCV1,82.0
United Kingdom,GBR,2006,MCV1,85.0
United Kingdom,GBR,2007,MCV1,86.0
United Kingdom,GBR,2008,MCV1,86.0
United Kingdom,GBR,2009,MCV1,86.0
United Kingdom,GBR,2010,MCV1,89.0
United Kingdom,GBR,2011,MCV1,90.0
United Kingdom,GBR,2012,MCV1,92.0
United Kingdom,GBR,2013,MCV1,93.0
United Kingdom,GBR,2014,MCV1,93.0
United Kingdom,GBR,2015,MCV1,93.0
United Kingdom,GBR,2016,MCV1,92.0
United Kingdom,GBR,2017,MCV1,92.0
United Kingdom,GBR,2018,MCV1,92.0
United Kingdom,GBR,2019,MCV1,91.0
United Kingdom,GBR,2020,MCV1,91.0
United Kingdom,GBR,2021,MCV1,91.0
United Kingdom,GBR,2022,MCV1,90.0
United Kingdom,GBR,2023,MCV1,90.0
United Kingdom,GBR,2024,MCV1,89.0
United Kingdom,GBR,2000,Polio3,91.0
United Kingdom,GBR,2001,Polio3,91.0
United Kingdom,GBR,2002,Polio3,91.0
United Kingdom,GBR,2003,Polio3,91.0
United Kingdom,GBR,2004,Polio3,92.0
United Kingdom,GBR,2005,Polio3,91.0
United Kingdom,GBR,2006,Polio3,92.0
United Kingdom,GBR,2007,Polio3,92.0
United Kingdom,GBR,2008,Polio3,92.0
United Kingdom,GBR,2009,Polio3,93.0
United Kingdom,GBR,2010,Polio3,94.0
United Kingdom,GBR,2011,Polio3,95.0
United Kingdom,GBR,2012,Polio3,95.0
United Kingdom,GBR,2013,Polio3,95.0
United Kingdom,GBR,2014,Polio3,95.0
United Kingdom,GBR,2015,Polio3,95.0
United Kingdom,GBR,2016,Polio3,94.0
United Kingdom,GBR,2017,Polio3,94.0
United Kingdom,GBR,2018,Polio3,94.0
United Kingdom,GBR,2019,Polio3,93.0
United Kingdom,GBR,2020,Polio3,93.0
United Kingdom,GBR,2021,Polio3,93.0
United Kingdom,GBR,2022,Polio3,92.0
United Kingdom,GBR,2023,Polio3,92.0
United Kingdom,GBR,2024,Polio3,92.0
United States,USA,2000,DTP3,94.0
United States,USA,2001,DTP3,94.0
United States,USA,2002,DTP3,94.0
United States,USA,2003,DTP3,96.0
United States,USA,2004,DTP3,96.0
United States,USA,2005,DTP3,96.0
United States,USA,2006,DTP3,96.0
United States,USA,2007,DTP3,96.0
United States,USA,2008,DTP3,96.0
United States,USA,2009,DTP3,95.0
United States,USA,2010,DTP3,95.0
United States,USA,2011,DTP3,96.0
United States,USA,2012,DTP3,94.0
United States,USA,2013,DTP3,94.0
United States,USA,2014,DTP3,95.0
United States,USA,2015,DTP3,95.0
United States,USA,2016,DTP3,95.0
United States,USA,2017,DTP3,94.0
United States,USA,2018,DTP3,94.0
United States,USA,2019,DTP3,94.0
United States,USA,2020,DTP3,93.0
United States,USA,2021,DTP3,94.0
United States,USA,2022,DTP3,94.0
United States,USA,2023,DTP3,94.0
United States,USA,2024,DTP3,94.0
United States,USA,2000,HepB3,90.0
United States,USA,2001,HepB3,89.0
United States,USA,2002,HepB3,88.0
United States,USA,2003,HepB3,92.0
United States,USA,2004,HepB3,92.0
United States,USA,2005,HepB3,93.0
United States,USA,2006,HepB3,93.0
United States,USA,2007,HepB3,93.0
United States,USA,2008,HepB3,94.0
United States,USA,2009,HepB3,92.0
United States,USA,2010,HepB3,92.0
United States,USA,2011,HepB3,91.0
United States,USA,2012,HepB3,90.0
United States,USA,2013,HepB3,91.0
United States,USA,2014,HepB3,92.0
United States,USA,2015,HepB3,92.0
United States,USA,2016,HepB3,93.0
United States,USA,2017,HepB3,91.0
United States,USA,2018,HepB3,91.0
United States,USA,2019,HepB3,91.0
United States,USA,2020,HepB3,91.0
United States,USA,2021,HepB3,92.0
United States,USA,2022,HepB3,93.0
United States,USA,2023,HepB3,93.0
United States,USA,2024,HepB3,93.0
United States,USA,2000,MCV1,91.0
United States,USA,2001,MCV1,91.0
United States,USA,2002,MCV1,91.0
United States,USA,2003,MCV1,93.0
United States,USA,2004,MCV1,93.0
United States,USA,2005,MCV1,92.0
United States,USA,2006,MCV1,92.0
United States,USA,2007,MCV1,92.0
United States,USA,2008,MCV1,92.0
United States,USA,2009,MCV1,90.0
United States,USA,2010,MCV1,92.0
United States,USA,2011,MCV1,92.0
United States,USA,2012,MCV1,91.0
United States,USA,2013,MCV1,92.0
United States,USA,2014,MCV1,92.0
United States,USA,2015,MCV1,92.0
United States,USA,2016,MCV1,92.0
United States,USA,2017,MCV1,91.0
United States,USA,2018,MCV1,92.0
United States,USA,2019,MCV1,90.0
United States,USA,2020,MCV1,91.0
United States,USA,2021,MCV1,92.0
United States,USA,2022,MCV1,92.0
United States,USA,2023,MCV1,92.0
United States,USA,2024,MCV1,92.0
United States,USA,2000,Polio3,90.0
United States,USA,2001,Polio3,89.0
United States,USA,2002,Polio3,90.0
United States,USA,2003,Polio3,91.0
United States,USA,2004,Polio3,92.0
United States,USA,2005,Polio3,92.0
United States,USA,2006,Polio3,93.0
United States,USA,2007,Polio3,93.0
United States,USA,2008,Polio3,94.0
United States,USA,2009,Polio3,93.0
United States,USA,2010,Polio3,93.0
United States,USA,2011,Polio3,94.0
United States,USA,2012,Polio3,93.0
United States,USA,2013,Polio3,93.0
United States,USA,2014,Polio3,93.0
United States,USA,2015,Polio3,93.0
United States,USA,2016,Polio3,94.0
United States,USA,2017,Polio3,92.0
United States,USA,2018,Polio3,93.0
United States,USA,2019,Polio3,93.0
United States,USA,2020,Polio3,92.0
United States,USA,2021,Polio3,93.0
United States,USA,2022,Polio3,93.0
United States,USA,2023,Polio3,93.0
United States,USA,2024,Polio3,93.0
World,OWID_WRL,2000,DTP3,72.0
World,OWID_WRL,2001,DTP3,72.0
World,OWID_WRL,2002,DTP3,72.0
World,OWID_WRL,2003,DTP3,74.0
World,OWID_WRL,2004,DTP3,76.0
World,OWID_WRL,2005,DTP3,77.0
World,OWID_WRL,2006,DTP3,78.0
World,OWID_WRL,2007,DTP3,78.0
World,OWID_WRL,2008,DTP3,81.0
World,OWID_WRL,2009,DTP3,83.0
World,OWID_WRL,2010,DTP3,83.0
World,OWID_WRL,2011,DTP3,84.0
World,OWID_WRL,2012,DTP3,84.0
World,OWID_WRL,2013,DTP3,83.0
World,OWID_WRL,2014,DTP3,85.0
World,OWID_WRL,2015,DTP3,85.0
World,OWID_WRL,2016,DTP3,86.0
World,OWID_WRL,2017,DTP3,86.0
World,OWID_WRL,2018,DTP3,86.0
World,OWID_WRL,2019,DTP3,86.0
World,OWID_WRL,2020,DTP3,83.0
World,OWID_WRL,2021,DTP3,82.0
World,OWID_WRL,2022,DTP3,85.0
World,OWID_WRL,2023,DTP3,84.0
World,OWID_WRL,2024,DTP3,85.0
World,OWID_WRL,2000,HepB3,29.0
World,OWID_WRL,2001,HepB3,31.0
World,OWID_WRL,2002,HepB3,37.0
World,OWID_WRL,2003,HepB3,44.0
World,OWID_WRL,2004,HepB3,48.0
World,OWID_WRL,2005,HepB3,54.0
World,OWID_WRL,2006,HepB3,58.0
World,OWID_WRL,2007,HepB3,63.0
World,OWID_WRL,2008,HepB3,69.0
World,OWID_WRL,2009,HepB3,73.0
World,OWID_WRL,2010,HepB3,72.0
World,OWID_WRL,2011,HepB3,74.0
World,OWID_WRL,2012,HepB3,79.0
World,OWID_WRL,2013,HepB3,78.0
World,OWID_WRL,2014,HepB3,81.0
World,OWID_WRL,2015,HepB3,83.0
World,OWID_WRL,2016,HepB3,84.0
World,OWID_WRL,2017,HepB3,84.0
World,OWID_WRL,2018,HepB3,84.0
World,OWID_WRL,2019,HepB3,86.0
World,OWID_WRL,2020,HepB3,83.0
World,OWID_WRL,2021,HepB3,81.0
World,OWID_WRL,2022,HepB3,84.0
World,OWID_WRL,2023,HepB3,84.0
World,OWID_WRL,2024,HepB3,84.0
World,OWID_WRL,2000,MCV1,71.0
World,OWID_WRL,2001,MCV1,72.0
World,OWID_WRL,2002,MCV1,72.0
World,OWID_WRL,2003,MCV1,73.0
World,OWID_WRL,2004,MCV1,75.0
World,OWID_WRL,2005,MCV1,77.0
World,OWID_WRL,2006,MCV1,79.0
World,OWID_WRL,2007,MCV1,79.0
World,OWID_WRL,2008,MCV1,81.0
World,OWID_WRL,2009,MCV1,83.0
World,OWID_WRL,2010,MCV1,84.0
World,OWID_WRL,2011,MCV1,84.0
World,OWID_WRL,2012,MCV1,84.0
World,OWID_WRL,2013,MCV1,84.0
World,OWID_WRL,2014,MCV1,84.0
World,OWID_WRL,2015,MCV1,84.0
World,OWID_WRL,2016,MCV1,85.0
World,OWID_WRL,2017,MCV1,85.0
World,OWID_WRL,2018,MCV1,86.0
World,OWID_WRL,2019,MCV1,86.0
World,OWID_WRL,2020,MCV1,83.0
World,OWID_WRL,2021,MCV1,81.0
World,OWID_WRL,2022,MCV1,83.0
World,OWID_WRL,2023,MCV1,83.0
World,OWID_WRL,2024,MCV1,84.0
World,OWID_WRL,2000,Polio3,72.0
World,OWID_WRL,2001,Polio3,73.0
World,OWID_WRL,2002,Polio3,74.0
World,OWID_WRL,2003,Polio3,75.0
World,OWID_WRL,2004,Polio3,76.0
World,OWID_WRL,2005,Polio3,78.0
World,OWID_WRL,2006,Polio3,79.0
World,OWID_WRL,2007,Polio3,80.0
World,OWID_WRL,2008,Polio3,82.0
World,OWID_WRL,2009,Polio3,83.0
World,OWID_WRL,2010,Polio3,83.0
World,OWID_WRL,2011,Polio3,83.0
World,OWID_WRL,2012,Polio3,84.0
World,OWID_WRL,2013,Polio3,84.0
World,OWID_WRL,2014,Polio3,84.0
World,OWID_WRL,2015,Polio3,85.0
World,OWID_WRL,2016,Polio3,85.0
World,OWID_WRL,2017,Polio3,86.0
World,OWID_WRL,2018,Polio3,86.0
World,OWID_WRL,2019,Polio3,86.0
World,OWID_WRL,2020,Polio3,82.0
World,OWID_WRL,2021,Polio3,81.0
World,OWID_WRL,2022,Polio3,84.0
World,OWID_WRL,2023,Polio3,84.0
World,OWID_WRL,2024,Polio3,84.0
